{
    "loss": 0.08051278442144394,
    "accuracy": 0.9852625727653503
}